Time,Total Energy,Total Kinetic Energy,Potential Energy,Temperature
0.0,6.971154270501443e-06,1.031163174276714e-09,6.970123107327167e-06,4979.12297900825
