Numba Mean PP Times,Numba Std PP Times,Numba Mean PM Times,Numba Std PM Times
154989433.0,1069071.3951145743,52771197.88888889,362089.19623222505
831608726.4444444,10251294.766950326,589680875.7777778,12164187.980127903
1571802792.7777777,16017021.952495461,945553789.8888888,24194795.88999718
8196763465.0,90613796.01910354,8300822669.555555,36734327.24561367
