Python Mean PP Times,Python Std PP Times,Python Mean PM Times,Python Std PM Times
47467946787.0,594617922.7253963,27804025297.11111,590540449.8593827
209376378646.0,1216310218.5925643,136755947018.11111,1056775121.1127449
439001389578.6667,1687708904.011725,272622171866.1111,1110827492.6751716
1886835120907.111,11763041312.212223,1402024012573.3333,15254256884.121534
