Particles,Numba Mean PP Times,Numba Std PP Times,Numba Mean PM Times,Numba Std PM Times,Python Mean PP Times,Python Std PP Times,Python Mean PM Times,Python Std PM Times
10000,154989433.0,1069071.3951145743,52771197.88888889,362089.19623222505,47467946787.0,594617922.7253963,27804025297.11111,590540449.8593827
50000,831608726.4444444,10251294.766950326,589680875.7777778,12164187.980127905,209376378646.0,1216310218.5925643,136755947018.11111,1056775121.1127448
100000,1571802792.7777777,16017021.95249546,945553789.8888888,24194795.88999718,439001389578.6667,1687708904.011725,272622171866.1111,1110827492.6751716
500000,8196763465.0,90613796.01910354,8300822669.555555,36734327.24561367,1886835120907.111,11763041312.212223,1402024012573.3333,15254256884.121534
