Time,Total Energy,Total Kinetic Energy,Potential Energy,Temperature
0.0,6.882846337527147e-06,1.0352942026900122e-09,6.881811043324457e-06,4999.07025700721
