Time,Total Energy,Total Kinetic Energy,Potential Energy,Temperature
0.0,6.864216920428511e-06,1.0336880652113665e-09,6.8631832323633e-06,4991.314786072186
