Time,Total Energy,Total Kinetic Energy,Potential Energy,Temperature
0.0,6.944288358856952e-06,1.0354674613140283e-09,6.943252891395638e-06,4999.906861744143
