Time,Total Energy,Total Kinetic Energy,Potential Energy,Temperature
5e-16,7.225876059438591e-06,3.6036664688550063e-09,7.222272392969736e-06,17400.833322372335
