Time,Total Energy,Total Kinetic Energy,Potential Energy,Temperature
0.0,6.835423632568049e-06,1.0351356597874403e-09,6.8343884969082615e-06,4998.30470929464
