Time,Total Energy,Total Kinetic Energy,Potential Energy,Temperature
0.0,6.90863172072919e-06,1.0354941708405407e-09,6.907596226558349e-06,5000.035832619494
